"Timestamp","Who are you?","What do you do?","Why do you do what you do?","What else do you do?","How can I contact you?","What's the worst kind of vegetable?"
"2013/04/02 2:02:03 PM GMT","test","test","test","test","test","test"
"2013/04/02 10:04:24 PM GMT","I'm Scott Lowe.","During the day I work at a software company in downtown Detroit called Digerati. At night, I think about stuff and hang out with people.","I'm driven by my self-proscribed goal in life. Ask me about it if you're curious.","I play guitar quite a bit; Plum and I actually jam all the time. When I'm alone I like to spend my time getting better at programming or getting smarter by reading.","Email, please:
me@scottdlowe.com","test"
"2013/04/03 7:15:34 PM GMT","I'm Rob Solomon. I found out about this through too-hot-to-trot Scott","I work in Las Vegas developing the Downtown community. That means working on bringing in new small businesses, building a car share, and building a recreational park (right now), with other cool projects coming. I'm also trying to publish my thesis on Israel and Palestine.","When you have the potential to do something and you only have one life to live, might as well do it...and try and stir up as big a movement as possible.","Lacrosse, basketball, guitar, drums, ukulele, racquetball, golf, halo 4, super smash bros 64, etc.","rob.m.solomon@gmail.com
5853509668","the ones that never text you back after you eat them out..."
"2013/04/08 9:26:46 PM GMT","Siddhartha Nutulapati","High School Student","To be happy, and make others happy in the world. ","-ultimate frisbee player
-masterminds
-eat
-sleep
-run
-random stuff","Email, (sidgonuts@gmail.com)
Phone, (585489108)","The ones that aren't edible. "
"2013/04/21 6:53:56 PM GMT","I’m Ben Plum. I’m one of the dorks who helped think up this preposterous idea.","I help with general strategy on the website. I’m also developing an analytics plan for the site that will outline how we’ll measure its success. As the group’s resident data analyst, I’ll be able to report out on demographics of users, their opinions, and interesting correlations that the data present. I’M A BIG DATA NERD OKAY YOU GUYS SUE ME.","I love data. I love aggregating it, analyzing it, and testing it. Data is information, and information is wisdom. It’s the critical component to the decision-making process. Literally every living thing that exists on this planet persists because it has collected data and responded to its environment in some way. We do this everyday. So why not harness data - gather as much of it as we can, and base our decisions off of it, as opposed to basing them on “gut feelings” or conjecture? It is my dream that The Information Party will become a place where people expect to see analytical discussions; where people leverage data to support their arguments, and respond to one another with respect. Everything else is icing on the cake, IMO. ","I make a lot of loud electronic music / piss off my roommates. I have seen all of LOST, and I do not understand the ending any more than you do. ","You can contact me through my twitter @beenplumb, or my personal email address: ben.m.plum@gmail.com","Turnips, and it’s not even close. They are foul. "
"2013/04/21 6:56:44 PM GMT","Matt Friedrichs","I am currently unemployed, but am volunteering at a mayoral campaign in Detroit and hoping to get a position as a community organizer with a group called MOSES in Detroit","I do what I do because I am fascinated by politics and the idea of community building.   More fundamentally, I believe there is a lack of effective leadership and trust in the world that I hope to combat","Play soccer,
box, 
run a young adults group at Unitarian Universalist Church","email: friedrichs.matt@gmail.com
phone: 301-928-4227
","lima beans....fuck that shit. "
"2013/04/21 11:51:08 PM GMT","Name's Ajooni--nice to meet you :) ","I'm presently in Detroit, MI building up social ventures as a consultant/researcher/strategist. I get to work on a bunch of passion projects ranging from seminars on creativity and meditation to animations about education reform.

I wear different hats for various projects, but my main focuses are communications/outreach strategizing and project management.","I'm a project person straight to the soul. I love the beginning phases of ideation. Vision statements are my jam. 

I love problem-solving, and I love people. Mainly, solving the problems that hinder people from exploring their potential.","I do kung fu. And not just any kung fu, but a special type of kung fu where very slight women can beat up very big men. It's the best.","ajoonisethi@gmail.com, 847.370.1371.","Ones that don't call back even when they said they would and you know you both had a really great time that one night."